metric,value
Precision,0.22598870056497175
Recall,1.0
F1 Score,0.3686635944700461
Accuracy,0.9503982621288921
TP,40.0
FP,137.0
FN,0.0
TN,2585.0
