governor,avg_reward
performance,-60.179743468761444
balanced,-6.495781224220991
powersave,-2.0798844788223505
AIMOS-RL,30.38012221455574
